nome,total_saldo,media_saldo,media_idade,total_cliente,id_maior_saldo,nome_maior_saldo,saldo_maior_conta
Banco do Brasil,8.438611733160004E9,50558.15883601246,42.582832561455646,166909,559904,Rafael,100499.96
Santander,8.388365371489937E9,50440.25286068163,42.525624913561394,166303,921842,Alice,100499.37
Bradesco,8.41883169566987E9,50473.217278803524,42.57840022062614,166798,36918,Victor,100499.7
Itaú,8.426233705690174E9,50487.3258258947,42.52356529137557,166898,30501,Rodrigo,100499.94
Caixa Econômica,8.437655108230101E9,50451.77113542113,42.50777316702742,167242,155465,Tatiane,100499.39
Banrisul,8.3847803189399395E9,50556.408314380096,42.45963219776907,165850,83395,Talita,100499.27