nome,total_saldo,media_saldo,media_idade,total_cliente,id_maior_saldo,nome_maior_saldo,saldo_maior_conta
Caixa Econômica,778436.55,59879.734615384616,44.53846153846154,13,99,Douglas,96835.81
Banco do Brasil,1056237.29,50297.013809523814,44.333333333333336,21,16,Ingrid,97166.67
Itaú,995453.9500000002,49772.69750000001,39.8,20,70,Augusto,87977.67
Bradesco,652041.9299999999,46574.42357142857,45.07142857142857,14,52,Cristina,85415.63
Santander,889137.1100000001,55571.06937500001,38.5625,16,92,Rafael,94888.81
Banrisul,800503.6599999999,50031.478749999995,43.5,16,58,Douglas,95125.36